path,kind,bytes,width,height,duration_seconds,sha256,used_by
游戏资源/app-config.json,配置,452,,,,3672d25904376c041b8c95daba9fffb158622973b2a98f939fd77a7abc37f8e8,
游戏资源/package-lock.json,配置,211592,,,,7485e1e2570b6e88645c637a893f0930c3fbadd6d4358108c648568b590a6b28,
游戏资源/package.json,配置,648,,,,8df483468c065867f125acbaeefb9c51d10af4a7d6e405f1a369cd77e1adad95,
游戏资源/project.private.config.json,配置,1495,,,,ae238629fa9e3feb7be372667ff58fb25430b2aed5c5bee1cd210eb6aa8cc768,
游戏资源/res/0.png,图片,4796,128,128,,15ffe05dca497e2225072838f32408a00faffca601087d7720080b772023caa0,
游戏资源/res/1.png,图片,3017,128,128,,a8a8f0087ec7b9ab7025fd862091e17794b0731e26e0d31e8b8c1920accf9161,
游戏资源/res/2.png,图片,4947,128,128,,5d53830e0d19dfdabe44a01a29c65f75b510ea485b739c38a43fbeb99485b5ff,
游戏资源/res/2d/555.png,图片,1872,120,81,,1ca22102e95fcad482997caeb978ea5935f44cc06045c825c1a0be53c7f1136c,js/pages/pages2d/relay.js
游戏资源/res/2d/auth.png,图片,7289,960,432,,bd67f574c40b877a6a5df1c98fda8284333cb76317de57e5af8443aa4f5eb950,js/pages/full2D.js
游戏资源/res/2d/ava_square.png,图片,1224,108,108,,f78a3b29ecf6c80ddff470e28fa68b20d0e16294d98992a43cd6a3b37329d982,js/pages/lookers.js; js/pages/pages2d/lookers.js; js/pages/pages2d/pk.js; js/pages/pages2d/profile.js; js/pages/pages2d/record.js; js/pages/pages2d/relay.js; js/pages/pages2d/shareskin.js
游戏资源/res/2d/dog1.jpg,图片,15680,90,90,,b4fb030ab1c152b7488f30b9f89d0421d97d14ab9e6d28773c2b676522f57db7,js/control/onebyoneCtrl.js
游戏资源/res/2d/dog2.jpg,图片,17088,90,90,,434735b5591f68512a7486de521cdf05327c7642ebd34bb0824df712a6f3cb32,js/control/onebyoneCtrl.js
游戏资源/res/2d/dog3.jpg,图片,18252,90,90,,91ad63ee924c55b3acf23372cb436e2991ee983a399d74699f8590a933db78d9,js/control/onebyoneCtrl.js
游戏资源/res/2d/dog4.jpg,图片,15716,90,90,,67e2669a06c876a915e2aacd4f346319943da5750369f6267352247ae210ac2d,js/control/onebyoneCtrl.js
游戏资源/res/2d/dog5.jpg,图片,17099,90,90,,31cfef969468575467a7b18d88916c33c740683c3cf5062a76472807812918db,js/control/onebyoneCtrl.js
游戏资源/res/2d/home.png,图片,3597,104,64,,89c2ccb4f013260be2aa922e8990854048018e946f28d9c14ae4c8efa8ec3586,js/pages/pages2d/base.js
游戏资源/res/2d/inviteGray.png,图片,10196,512,144,,edc6d2801d18bb446751d8eb61a25c4bc963d766a9e9648d3fae149b532e4362,js/pages/pages2d/relay.js
游戏资源/res/2d/inviteGrayBg.png,图片,4155,512,144,,aa98500b1c075da7401795c64abbc37405c4dd244909fe2960ddf9afac78f2c7,
游戏资源/res/2d/inviteWhite.png,图片,12675,512,144,,5ae7641151e774af01119336b14a70be6a2375640d78427fb7112cc723e7791c,js/pages/pages2d/relay.js
游戏资源/res/2d/inviteWhiteBg.png,图片,4581,512,144,,9f972b13580752aac00876fd8e35eaadf59477b919d6316c10a3671bb53c1057,
游戏资源/res/2d/iplay.png,图片,2791,144,76,,12e7179c47dfd9b0b4b31569bbe8b655bc9b900976e8e4b8825cdf10506fda77,js/pages/pages2d/gg.js; js/pages/pages2d/rank.js; js/pages/pages2d/record.js
游戏资源/res/2d/like.png,图片,6763,152,140,,27b6a697976bfc0f245d4f6a8254dab89db5a15545619e3ee9b2f7ac787f2b13,js/pages/pages2d/profile.js
游戏资源/res/2d/like1.png,图片,8596,164,152,,f7afb5e52dc46ba4ea714ec674697cffcd192da95ba7e1301f6b5dbd0fc569b6,js/pages/pages2d/profile.js
游戏资源/res/2d/msg.png,图片,6553,128,128,,2d1df09604458d9d86461b4c8cee202b4d13976066d6d9cea90980ba09bc9ba3,js/pages/pages2d/start.js
游戏资源/res/2d/msg_default.png,图片,2434,60,60,,d5ea0622082aa5e4d37259606201704f951ec55ae30bdcaa3f9943473fe0c49f,js/pages/pages2d/msg.js
游戏资源/res/2d/new_home.png,图片,8232,164,164,,c6fdfe8f6cc92a384e99870799985ed4af7bfb7a5aff172d364a49f8d737d74f,js/pages/pages2d/gg.js
游戏资源/res/2d/new_return.png,图片,6366,140,140,,bad286999c79dcdf63379fc0d7afd0554ff0ffe48cbf70e1f443af313c181a8a,js/pages/pages2d/gg.js; js/pages/pages2d/msg.js; js/pages/pages2d/profile.js; js/pages/pages2d/rank.js; js/pages/pages2d/record.js; js/pages/pages2d/shareskin.js; js/pages/pages2d/skin.js
游戏资源/res/2d/owner.png,图片,2847,120,54,,df392a1787f61fe5a604e669390f128437672340222d34c2f721c652b962b280,js/pages/pages2d/relay.js
游戏资源/res/2d/profile_prop.png,图片,858,48,48,,9fe33cd3a436c02095aa6a8797007ad556273056a86a4107cbca0e5260b1d566,js/pages/pages2d/profile.js
游戏资源/res/2d/profile_prop_icon.png,图片,545,28,48,,6ff2b4d24cd159f65a12e3b14f4224762bfe12247657eed766acfdd8f922b67c,js/pages/pages2d/profile.js
游戏资源/res/2d/profile_zan.png,图片,472,48,48,,ffa4b6f15389802c17f9a31080df7850cdc26bc5ab233c0221764079d0044604,js/pages/pages2d/profile.js
游戏资源/res/2d/profile_zan_icon.png,图片,941,32,48,,9935358aeac296478a37e0f6c851dd799e06c915ffd78ed7eaecddbf5454e780,js/pages/pages2d/profile.js
游戏资源/res/2d/rank.png,图片,6479,128,128,,d79f1033b6c4c0e20fe836258313737c69f493e6345529a5012c616b1ae8686d,js/pages/pages2d/start.js
游戏资源/res/2d/record.png,图片,2800,92,92,,b34e6986a21e3880fe8eab91ab34665399b1b37f992bae3d17825697f2ff0a49,js/pages/pages2d/profile.js
游戏资源/res/2d/return.png,图片,3367,86,64,,e33b099297b6b43dfebfa5d399709c9af6a2854d9af76db357583c78bec8389c,js/pages/pages2d/base.js
游戏资源/res/2d/see_group.png,图片,11094,352,140,,b246f097dcac4cb3f7fe7b40a00ba52efa5fc6126316e9e3d69fed0dc8fb4997,js/pages/pages2d/rank.js
游戏资源/res/2d/sel.png,图片,2258,100,84,,e203ad747af95e2f58242f87bb18a2c0f18134051238ff2ece4ca5dd1ca5b821,js/pages/pages2d/skin.js
游戏资源/res/2d/shade.png,图片,1034,56,56,,02297641344128a0660c4ac84554d037923a9990dd8a4ae594a6847c42c2bc02,js/pages/pages2d/profile.js
游戏资源/res/2d/share_black.png,图片,357,32,40,,4d8fe3c0485a8118cd42b30b58cc84c27e20b7f7de432705fd457f3c781a6889,js/pages/pages2d/record.js
游戏资源/res/2d/skin.png,图片,7924,128,128,,a73ddd600bbe6026d557cd3690fbeb7b00254a0b652c83c8cce9c757ef460f9e,js/pages/pages2d/start.js
游戏资源/res/2d/skip.png,图片,6984,164,92,,71f286e5091ea22b3e404de64eb4eb4ca4ddeaf47ba8c77a08740e8b7538d4c7,js/pages/pages2d/relay.js
游戏资源/res/2d/sun.png,图片,70764,464,464,,f9f33dd8d55d97d47f298b189444221d732b28311ae31bfa8e6ba5fefa480226,js/pages/pages2d/gg.js
游戏资源/res/2d/target.png,图片,13702,135,135,,baf5f52b3ebf68fead6d5455e8a681ec5ea8681732e2c20ed7455e59449d3ed1,js/pages/pages2d/gg.js; js/pages/pages2d/profile.js
游戏资源/res/2d/zan.png,图片,1077,36,50,,5449fe6ea5ec04f7b85c10ade15dd741eb73ce9800ab4116b2c3a290b8364935,js/pages/pages2d/msg.js
游戏资源/res/3.png,图片,4547,128,128,,ec70ea12bbf2bdd62f5f4735fb2925c19f753c9fcd81e47b1b59001dcbf8add2,
游戏资源/res/4.png,图片,4055,128,128,,0a4caf539a066465b34981318d4c4d7b83b1b8ec19ec32aaf96bd5cdb406126b,
游戏资源/res/5.png,图片,4945,128,128,,6afe303a72e0b811c6c334569696c10af2e43dad9a1dc8841d5771278e63bd02,
游戏资源/res/6.png,图片,5101,128,128,,49a8af04d27dc3742e91a940764c86a392b2b10e09d12628f257aeb8524181d0,
游戏资源/res/7.png,图片,3756,128,128,,d54b0e7fc688b814769c204f6eadadb5a405fdd9f778dd300bf0afb4f719adc2,
游戏资源/res/8.png,图片,5135,128,128,,2eac11684844ecc7d7ba3d4beacb2d346188d606629e69b1a9d8b23f434597c3,
游戏资源/res/9.png,图片,5093,128,128,,71f4a24f5e59bcdc52535cc59cbfbad8d232c44cb4f21af10505fffd8437f057,
游戏资源/res/auth/rank_tip.png,图片,2695,509,49,,2ed2404762c9f93da2311f72424ef12ecaca33b0ab16f105a21961c1d5a04b4d,js/pages/pages2d/gg.js; js/pages/pages2d/rank.js
游戏资源/res/auth/refresh.png,图片,774,90,36,,2dba32a1ffeee60b272705e003245f35124957107fca4c524589b111ad551c7f,js/pages/pages2d/gg.js; js/pages/pages2d/rank.js
游戏资源/res/ava.png,图片,1421,96,96,,5d804bbc1082c8c241d926c1af0f0c67b60ad0b53b16fe8e6ca5c0b48a2ebb89,js/pages/full2D.js; js/pages/headimgAnimation.js; js/pages/lookers.js; js/pages/pages2d/base.js; js/pages/shareCard.js
游戏资源/res/ava_rank.png,图片,2280,96,96,,a00dcd1a8754ba1a06353b85d80eb8ad8e8cfb5524fcc403a7173417252d9f41,js/pages/pages2d/gg.js; js/pages/pages2d/msg.js; js/pages/pages2d/rank.js; js/pages/pages2d/shareskin.js
游戏资源/res/bag.png,图片,6549,256,256,,5a4e5e49062294b4bd96e97c3b48325613e0ac81dca3b6fae82fa53dd8aab54d,js/block.js
游戏资源/res/bl3.png,图片,12276,693,309,,a6acd02b81d6c7c02d1ed8e4b61f49f0a42558ffee52d1e62bd5e21059320a90,js/pages/pages2d/gg.js; js/pages/pages2d/msg.js; js/pages/pages2d/profile.js; js/pages/pages2d/rank.js; js/pages/pages2d/relay.js; js/pages/pages2d/shareskin.js; js/pages/pages2d/skin.js
游戏资源/res/bottom.png,图片,3214,160,60,,65ded9a4676ab78f9d8fc3b2e92036a0d2389afaac64aee0392b4ae2cbd7c372,js/bottle.js
游戏资源/res/box_bottom.png,图片,435,444,50,,9cfab72f67a153d13a6ba3dfc30fd0b66a50c8dedf794ad048d4f9723742f0d3,js/block.js
游戏资源/res/box_middle.png,图片,3680,444,50,,bf40e304ee7b9ee9a91c705b138bf8a8ca98c2ed3b4fe16d431a832e8f964cc4,js/block.js
游戏资源/res/box_top.png,图片,545,198,198,,59ce775394e8dfa7adb566f5b708307b4d59fc7d92492267c3dde3ca64ca16f6,js/block.js
游戏资源/res/btn.png,图片,2908,258,96,,2e2a4e3f515ac8978b690f5486de38e3cb7050938b8f046f6ecec4683583759e,
游戏资源/res/btn_back.png,图片,15232,172,172,,2f40db57d7bfc46cc40d163c11657b5105bcf5f6a5ecf9bf8c00ca1127264763,js/pages/pages2d/pk.js
游戏资源/res/btn_bg_g.png,图片,7321,396,198,,eb2a8146f56366ec2418185c5d2fba3d4ff980cc18ef41fea3b8d04e27610be3,js/pages/pages2d/pk.js
游戏资源/res/btn_bg_h.png,图片,2300,264,124,,1eea5105302067e6d490f9309c212c4a0ecd5942c56aee5985e59ff8e1a08f58,js/pages/pages2d/pk.js
游戏资源/res/btn_invite_fri.png,图片,4775,456,111,,3010ba246b2638ef4f429f2a009f1b6ae8c626c1a90199348fb4ebec6d54aee2,js/pages/pages2d/relay.js
游戏资源/res/btn_iplay.png,图片,12309,256,108,,11da2869eb507b614bb8ca214bdd74f55af72ea3e45a338d2f0e5253fcfa18ce,js/pages/pages2d/lookers.js
游戏资源/res/btn_pk_green.png,图片,3488,544,180,,cb33923280230a1ae1df56c68de039697bcda41d0ae68c7fcdc484f9f6e72124,
游戏资源/res/btn_pk_rewards.png,图片,8752,316,90,,0742caf62e7391f7e84b0b50176209015bc543e19319143545a24af7449a8bb3,
游戏资源/res/btn_pk_white.png,图片,3594,520,180,,dcb51589cd9aece1cbf5111309093b96ba73ff84c1dd26159531d2baaa9bce8c,
游戏资源/res/changlle_share.png,图片,28626,462,372,,0a873bbd566fe1dd3d1434086c538aec5923d43cc4aea12bb6fb260ee91548e9,js/pages/shareCard.js
游戏资源/res/clock.png,图片,1982,320,200,,8c344ee428b92e3f8c03354127194f8112ccedced91badedeb6837c3e911eb2f,js/block.js
游戏资源/res/close.png,图片,4534,92,92,,e0f1a6f5f66d93e5fcdf7f33e607dea918a9c37708af7bd9f696025dbaa3be8c,
游戏资源/res/combo1.mp3,音频,21796,,,1.619583,49589324c826f62639e8426151b30eec6fa090c40461c1034395a7a080e08e4c,js/config.js
游戏资源/res/combo2.mp3,音频,25244,,,1.906917,494f5f3bad61e08c1beacc75466297ceb7627f9a6bd55c10d9f4c7198832b303,js/config.js
游戏资源/res/combo3.mp3,音频,21483,,,1.5935,6bef057164b82527156ae00bc64b9d9799a6a2a91d6daeacb6ffb3f2ecba33bc,js/config.js
游戏资源/res/combo4.mp3,音频,23363,,,1.750167,28c70b43e126f54559880bd9c46aac9f8e9544230470b418f5cef952388429a6,js/config.js
游戏资源/res/combo5.mp3,音频,19748,,,1.619583,00d44678f4f003de98e61e7ebb4994d7bcc40f7e690927e82b4fea1e44f19c89,js/config.js
游戏资源/res/combo6.mp3,音频,23677,,,1.776333,3e011b92903862e854c9581831f72a053c7198cff105b71a809577337ce0a14f,js/config.js
游戏资源/res/combo7.mp3,音频,24304,,,1.828583,8f5b4b3f6cd1fafa028325ffe47bc4b882505b8eeecd30a544b266cb34c1f436,js/config.js
游戏资源/res/combo8.mp3,音频,21483,,,1.5935,db974fe5e209135241368c9724fd706bc249f9af78d8b5e49640e855b68ceaee,js/config.js
游戏资源/res/cylinder_shadow.png,图片,4908,210,288,,47b793c14872c13d0b17f12962188166861ef5e9e9269ecc17aff5f3e07e28cb,js/block.js
游戏资源/res/defaultBottlePoster.png,图片,5412,108,210,,b7610fad8c9c99f775eb2d640c78a52c7663ee1127fe261bc0300bef0f380024,js/pages/bottleShop/bottleShop.js
游戏资源/res/desk_shadow.png,图片,6047,280,255,,2e1d01b3c23c3ed3ff2e2b0adee51f8eaf211c6c65ced12a5261f6da831729bc,js/block.js
游戏资源/res/dict.png,图片,2914,428,428,,61d4bd532847f26f46e274689547dcd770ebe875411d478898fe7edad98c7673,js/block.js
游戏资源/res/disk.png,图片,3548,236,300,,8cb8655337453794b708fb751e4668f84704d6ee337433bde74aac8857b1fc05,js/block.js
游戏资源/res/disk_dark.png,图片,116,64,64,,8d55971575bc5932adc2801dc5b8401332b143dcee13517c0af46a795d571c21,js/block.js
游戏资源/res/disk_light.png,图片,537,64,64,,6db945d649f919502545c3c9f8b74dfc7d1e2ba2e25e6064f395c0ae079b2cd5,js/block.js
游戏资源/res/door.png,图片,337,32,116,,eeeaf36ce92ebb4bed011512453bd11e784e33f6cdc994c31b9909dd204b7ee9,js/block.js
游戏资源/res/emotion.png,图片,341,32,32,,6e628a1ffc840bcbd011491b66993e932c95759ae22da0c54b33fe97fb8288be,js/block.js
游戏资源/res/express.png,图片,2004,428,428,,27404413d90dd7a9eb678cf2df3cd63da6ed4cb055f2f06645e916fc43d78a81,js/block.js
游戏资源/res/fail.png,图片,547,60,42,,cf4a9fc05ee014e972b821df9de51f5508bfd7d313df252ff137f0a252841155,js/pages/pages2d/pk.js
游戏资源/res/fall.mp3,音频,82591,,,2.037551,dd88f9fa2d124a25a6d43c909a6fcaeb9d23a4ce3ea82a9d16c9eba1758b1a7d,js/config.js
游戏资源/res/fall_2.mp3,音频,94085,,,2.324898,cf1fac414393e7ed55a6d64943040dd049ea9e08a4248e3947bdbd3ec6156bd6,js/config.js
游戏资源/res/flag.png,图片,570,52,129,,14ddc03777d4aa9e4eb8f337f2736eea385bebacbbe7886a643f0a39af5e7cc5,js/block.js
游戏资源/res/flower.png,图片,5589,520,242,,6e27004117566345ed4b0762ad680047b3d8653081d90c9244c55723e617e665,js/pages/pages2d/gg.js
游戏资源/res/flower_small.png,图片,1555,258,98,,bc0b13fddfb701ccb12e0b366db6b2503fd21daf27383bb33ba0c4167df10861,js/pages/pages2d/pk.js
游戏资源/res/game.png,图片,886,64,64,,10ed0a31a41307708a93b90aa0eaf4c18356cf1f6df2574f264e96e42bfb54b9,js/block.js
游戏资源/res/gift.png,图片,567,200,248,,3bfca0496bd3462f57e1d7b448da264fcdc9f3617c695ebad1e6f042585095e9,js/block.js
游戏资源/res/glow_bag.png,图片,11678,256,256,,28d5df9b47b459eabc70f18446adcf5080448f3ca622f8319c39414563b40527,js/block.js
游戏资源/res/gold.png,图片,4764,132,132,,59546c3a48ab97a206c4718be06df442debc06b0f4beb0f485b13bc8c9f71a56,
游戏资源/res/golf_bottom.png,图片,25449,512,64,,0b1024a53ba5c4c029a1c0e6765b3b1f48ab322f908458f4d3c99b9fe2f08c6a,js/block.js
游戏资源/res/golf_top.png,图片,49710,256,256,,4fccd88bd14494bb279e7a0894a33ac8cae591a91a3aec947c8c9b91050595e6,js/block.js
游戏资源/res/gray.png,图片,102,100,88,,06ee412490681202b7efed071f24c9007abba6a6c15a5ba4938db2eecd69f0b6,js/block.js
游戏资源/res/green.png,图片,415,32,32,,32b0b40c46b4d8ac10020873fe164b15e11a8fda74ed82eaf43f3ae3e63f59ec,js/bottle.js
游戏资源/res/green_face.png,图片,469,128,64,,732f16fb6322cf4ec9a7aef4035075f058cce42286dc8c6d79b4776ef47ceaea,js/block.js
游戏资源/res/green_tri.png,图片,1305,28,29,,01f71f9478ad52e6a2d8c7c6c9fb93db8daec5d5e228abdfb835051562eee286,
游戏资源/res/head.png,图片,9174,160,160,,df9ede9fe63bcc3e8645e7fdf12627c9a1e5259932e1029fd46a93956bd34b32,js/bottle.js
游戏资源/res/high_score.png,图片,10534,462,372,,b0331ab3a0839e7f6ce0cde816d00f6df447e173aea7c67a382e07fddf4f02ec,js/pages/shareCard.js
游戏资源/res/high_score_week.png,图片,4721,462,372,,f938d0579d5049f6f96177303a6cb027ac3532067ce03dd0080d97f1c0072880,js/pages/shareCard.js
游戏资源/res/i.png,图片,4928,66,178,,a91b25b216c1dccb5d86b9699f73780af516b4c01fbeb86bfddaeced050340a8,js/pages/pages2d/beginner.js
游戏资源/res/icon.mp3,音频,181856,,,4.519184,1f0b850bd92106b6423a7f67a3326536e874fb926c5a388d52d007a25f9eb53b,js/config.js
游戏资源/res/indoor.png,图片,3107,64,128,,e6b08d7c206ec9e478bdc283488bad918e9e11213c443e22232db9620c08cf92,js/block.js
游戏资源/res/l_arr.png,图片,238,12,16,,7238cb5a6155dff704454a3c287e8129e375033ef37dc6d9ba2ddff340a42836,js/pages/pages2d/gg.js
游戏资源/res/light.png,图片,4766,300,240,,a12c6de9e671c7121880e104815b386d5d58e9642468e0c7e7723bbf95487de8,
游戏资源/res/lookers_btn.png,图片,18512,504,246,,1c4c90e68edb4b820ea217daf5ecfd1ae893ac98dd6aafb3a67050bfaeb56abe,js/pages/pages2d/relay.js
游戏资源/res/luban.mp3,音频,102817,,,6.4,5b713840cda85d655660613b5735cabdb5215cbfaa2ddf262e9b8f72bc0d7654,js/config.js
游戏资源/res/luban.png,图片,3299,338,338,,c9828c06a64e98c11b9775e41fa41da862853d500fd184e446f9b314a5c40eb0,js/block.js
游戏资源/res/medicine.png,图片,1113,256,110,,6f84ed0749c061e71fa9734c0a0d60a1acd357255a5945d55cddd19e36537c88,js/block.js
游戏资源/res/middle.png,图片,1332,160,30,,14091fa99c3bb5842b2fbb9109f0126f0cc2c94a029d1f51c2018665e421d559,js/bottle.js
游戏资源/res/middle_1.png,图片,8506,160,30,,3ae89aad5d33c98e204d90bd7ff3cd03e39c23a3b51780e411536c8d2f87adc4,
游戏资源/res/money.png,图片,673,64,64,,dd1ea7ec79a3102b718851f59f7d3597567ba7f5625a1b3ac5d1ff625a13e43c,js/block.js
游戏资源/res/music_icon.png,图片,423,64,64,,c13021721e455cdc40a799e21cc09c5cdec35e7b3fd28bcd6f7b7a141b0ef482,js/block.js
游戏资源/res/music_icon_two.png,图片,628,64,64,,6fd4fcfe401f92e50ae511f84c7c72380e317455172b50248db242eff4fd7cb1,js/block.js
游戏资源/res/new.png,图片,1056,174,78,,10512f088efc00a48a393673543596a0f94a7bc0582b3cec5b08a99255c5fe58,
游戏资源/res/noplay.png,图片,29392,624,246,,f53d5d40a6d1270c0ec1e6d76c75c86a73b72da0b8043093bac63fd4ffcb4ba1,js/pages/pages2d/gg.js
游戏资源/res/num.ttf,字体,6548,,,,feb570ad109f1610daa8e19df7b38f9a29578fbbc1f21b3873300eba286f5f45,js/pages/full2D.js; js/pages/pages2d/base.js; js/pages/shareCard.js
游戏资源/res/number.png,图片,6871,256,256,,008e7ca79f0b4740087eae2bf6d24fea8442b0997e40ae1c80340f3371eade35,js/block.js
游戏资源/res/observShare.png,图片,425,42,48,,562e89679077afcfd27d4a0bfb6df6418b80e6a0a72ad3b45f04256f77c12bf5,js/pages/lookers.js
游戏资源/res/paper_bottom.png,图片,3032,512,128,,2e5be2fe0ef083060cc5b70713b7723fa98a0e5b6f2089a692fcd3cb84cdd083,js/block.js
游戏资源/res/paper_top.png,图片,4028,200,200,,6c73e1dcbb64df398b9282323b123916cb7cd42b2f4a966f32828b4c3b32f1f0,js/block.js
游戏资源/res/papper_bottom.png,图片,5186,512,128,,6c3a28ab883bc1f18904fab25d5f5135430f622e7468ee71c28da4149a924c27,
游戏资源/res/perfect.mp3,音频,12120,,,0.7575,f91ae8cfde6d374eec95a97a396ffa5722fe17312b6926e47ad233999c692774,js/config.js
游戏资源/res/play.png,图片,30200,624,246,,b0358143d4637419ac2462dec1942be1965415fdaae90a709e3e2671cc18f469,js/pages/full2D.js; js/pages/pages2d/relay.js; js/pages/pages2d/start.js
游戏资源/res/point.png,图片,574,64,64,,b7fa9d9a0f334306002a78f7fe703f4a50fa77198e4b35df7c757e9a901c26cc,js/block.js
游戏资源/res/pop.mp3,音频,5642,,,0.444083,8dd873e705d4287034a1824d151a34072c3db3b42c96574680f415344d4840bd,js/config.js
游戏资源/res/progress2.png,图片,5723,933,30,,ba5c8d674236f16d935c05e2a239ec3a41595efbd63545eb5dde41930220f8aa,js/pages/headimgAnimation.js
游戏资源/res/pure_share.png,图片,795,36,48,,29e74868dcab6ba921750971200628bf5cecf262c3be72ad20775be3684a12c5,js/pages/pages2d/gg.js
游戏资源/res/qr.png,图片,29739,436,436,,2aae76bf0f0af64d7d92ca2891e9ed6b7470fed05128a34c230d31d8ba5fd723,js/pages/pages2d/relay.js
游戏资源/res/r_arr.png,图片,267,14,20,,7cdcfae6b59431ad060a2269e497d75976e3156c958c76e638b7fe7b18db9edc,js/pages/pages2d/gg.js; js/pages/pages2d/pk.js; js/pages/pages2d/relay.js; js/pages/pages2d/start.js; js/pages/pages2d/verify.js
游戏资源/res/r_arr1.png,图片,283,12,16,,e2de006eaf5245b2bf22001be70985ca496aef6b54af8426985be43ee1ad8661,js/pages/pages2d/gg.js
游戏资源/res/race_block.png,图片,22069,338,338,,d401764447f29410d9d33160c076c3f3ef5839d6f35743aff4320aa3d75763e9,
游戏资源/res/race_icon.png,图片,10071,88,88,,11e627b58f18de69490b73e9275f923ce1dd136f3134016fd03539acfa1d50d8,
游戏资源/res/race_icon2.png,图片,15520,88,88,,45df39776f8e7f5b52f47a27f693e83f84bb8abacedb8f6967865d4309af67eb,
游戏资源/res/rank.png,图片,978,44,44,,339fe2d6ab93fa36cc9da27318a8834c1588b964e7bce7522d1f30d91bd4fbe1,
游戏资源/res/record.png,图片,9594,256,256,,87c0afe2b0ce0340be0f38cb58af2a8e5a51acc5eb138e813f93cfa149e9827a,js/block.js
游戏资源/res/relax.mp3,音频,96862,,,8.04575,54a657afafda9281c4316f578577c4a29373312d984135d76e6835d4e914ee51,js/config.js
游戏资源/res/relax_back.png,图片,324,80,80,,0ae68463c4823ae79cc656737e9521f5cf2fb604c5c35638027c1965f75829a1,js/block.js
游戏资源/res/relax_front.png,图片,784,80,80,,071f714cec389aa2686c78a63134c1f98c81699383d077f550f5be88d42dd8b9,js/block.js
游戏资源/res/relay_return.png,图片,10106,408,162,,63f14dc1ba580da10ab0e83fa881335b506127b6491ca6379c18ba1c613e3282,js/pages/pages2d/relay.js
游戏资源/res/relay_start.png,图片,8162,576,174,,077f56c93141a86ce8a483da95f2567079c1d97473dd23958b96e0597f421d11,
游戏资源/res/replay.png,图片,27450,624,246,,f147a35c1bd92c77111af3fe1a1e741772e5d740a909a2f8949a1ac3064ab555,js/pages/full2D.js; js/pages/pages2d/gg.js
游戏资源/res/right_arr_g.png,图片,352,21,30,,8f2bfe50577baa5c8c755e630a39f91af81034c65328488067ad87647a1b072c,
游戏资源/res/ring.png,图片,915,80,80,,d36172b963ec2f0764aedb40b5c79034feb79b731ac9d2abfd8ee40b25f7f564,js/pages/pages2d/pk.js
游戏资源/res/scale_intro.mp3,音频,41713,,,2.215313,a961e0876add3725b96bd981ed05019e01f025b4413a5344b96f808d0bcc9a02,js/config.js
游戏资源/res/scale_loop.mp3,音频,26701,,,1.277062,cfe08940a1a7158b9eeff02493cafde341c70da3aeed3390627579360e47e188,js/config.js
游戏资源/res/second_door.png,图片,354,32,116,,562770ea7cda73d2e2f8b55a60be2425dedf3577279080bff8b5ac41e8bacb2c,js/block.js
游戏资源/res/shadow.png,图片,2858,293,289,,88d7aac6dee05cdde78933e3c154eb6b3501e5fd2d133ad7892e0f82b556f7dc,js/block.js
游戏资源/res/sing.mp3,音频,175229,,,14.576333,0a80a94f3ae238cb6799a489f0d62aa1115c4a8a495e5583fc29c7eb6e16e2e2,js/config.js
游戏资源/res/sing.png,图片,42668,416,416,,a146e1326c774b44e1d3655c8f0c7a97ff109f2aa56a2cbefc6b0da10280f453,js/block.js
游戏资源/res/start.mp3,音频,94085,,,2.324898,d5e98a9dbf6205954bbeabd8e3b9d3b7e232f6bc2c8a0612ad49f138ad4eb15c,js/config.js
游戏资源/res/stool.png,图片,67450,236,300,,83e131ca97739d51d710de95c38fef463d063c935c9d117256364abeaf3bb0a8,js/block.js
游戏资源/res/stool_shadow.png,图片,401,156,213,,0e2fb3c7f5b905752057e5b7dadece7337b79841f8b6830c9608ca2f61fb76c1,js/block.js
游戏资源/res/store_bottom.png,图片,1184,434,164,,58661a31bfef2a48fb4fd517b42e67b647007c3959f2a319a06d066e56f9cb6f,js/block.js
游戏资源/res/store_top.png,图片,1706,340,340,,76f2312b2a5f6d451ff80854703eac6dab04e2f1b8082aa400b10cfa93350976,js/block.js
游戏资源/res/stripe.png,图片,93,144,16,,68679ca79fcc565814a01b647523e836d09d7f6715f8356159d287a7b89f3bda,js/block.js
游戏资源/res/suc.png,图片,678,60,42,,8210c9ec6d3420f503e2e9a453e683fc3931d4f9ddd1760eb856c9d66405016c,js/pages/pages2d/pk.js
游戏资源/res/success.mp3,音频,41840,,,1.018776,125524afcd1009b1c856dea3c113d0f0d6cd58133923b95424be822a124e9c72,js/config.js
游戏资源/res/tired.png,图片,46723,348,354,,ae68677cd8c6e3303513995af1e908064236bf1e19352c1a2d9cb4ff92e0c481,js/pages/pages2d/gg.js
游戏资源/res/tit.png,图片,74985,310,310,,909f36927ee407f1ee76587da57198c86ff300fbdf29c47135eac516ebf59ea7,js/block.js
游戏资源/res/title.png,图片,21702,618,156,,d1c2d7b0aff101fcedf5662921cd86499a9fbd6c074be43a72140c48cd181b52,js/pages/pages2d/start.js
游戏资源/res/top.png,图片,1332,160,30,,14091fa99c3bb5842b2fbb9109f0126f0cc2c94a029d1f51c2018665e421d559,
游戏资源/res/turn.mp3,音频,86802,,,2.142041,61db681bfb6f3b322f6c8a4ee5f824e7220ec0e48aaff349a41756dde60aa9f6,js/pages/headimgAnimation.js
游戏资源/res/wechat_close.png,图片,1563,496,128,,a76e9509b0cf959efbe25430bd3d6306a9bc10c9594ef4e4daf4ddf7bb17caa7,js/block.js
游戏资源/res/wechat_door.png,图片,116,62,98,,b6ababa0c229a16681ac272d3f80ec4576591711247b824e426ef8d9f9b83396,js/block.js
游戏资源/res/wechat_glow_logo.png,图片,1434,80,80,,f29541f223d10783bbbfa304881586ecb6335a52c3e9364fd2f39b99f46c580d,js/block.js
游戏资源/res/wechat_glow_top.png,图片,2683,340,340,,ca4442d74722bad3fc769198bb24d7c815b24d99a6b8d5f170e0340b0673bc92,js/block.js
游戏资源/res/wechat_logo.png,图片,547,80,80,,6358346a3c27b9428509b56fcdd014453584777d50e8a8bca84891ab84720dc9,js/block.js; js/config.js
游戏资源/res/wechat_open.png,图片,16524,496,128,,7a50d5cdf1c43d498d13d65cfb97812b5fe9ef5f1ba7a1a54411e4cee01d9292,js/block.js
游戏资源/res/wechat_pay.mp3,音频,78576,,,4.911,94cf847767b2e9adceee7bb12cfd31a9dc96ff96d94e326db055ddd8b30126f5,js/config.js
游戏资源/res/wechat_second_door.png,图片,112,62,98,,6bf961627a59141ccc1c5a459381116b16de33ca2b3b7de5a84605c141e52a9f,js/block.js
游戏资源/res/wechat_top.png,图片,2740,340,340,,71c45697014cf9aeaf0049203decc7c9c20c86534153d0af8936dd01fb235a43,js/block.js
游戏资源/res/well.png,图片,83571,280,428,,08b3f019e6fa051facf8a38700c63cc7099f73d91173c49255378b2ee1bc21b0,js/block.js
游戏资源/res/westore.png,图片,2318,399,158,,8adf43dae7fb4796e88b8733b97115c76229336397a6c270ba165dfb97f044b9,js/block.js
游戏资源/res/westore_desk.png,图片,1925,148,148,,9ead18b68b62a3af26852144f9048f8c75125a55a46c1d232d24cf98c9c36b4c,js/block.js
游戏资源/res/white.png,图片,427,32,32,,b14ef4acebd03aed62afccf31d5ba32d9fdd65b09d9496ab71b8bcb6f64ed424,js/bottle.js
游戏资源/res/white_face.png,图片,1747,128,64,,2d28f923285181121456b636bc23a7e638b24877ea0df2a3046d0fe1e08962db,js/block.js
游戏资源/res/yellow_tri.png,图片,1264,28,29,,e82e4c6a7086dbbca2f00d875dc2633f46c35a4e53b05ce9054f0487f18603e8,
游戏资源/res/邀请加号.png,图片,255,30,30,,a8901fb06b67a24fab97959cd1dda46c3310e0fe20a8bc2be4ba44f7f49ea10e,
游戏资源/game.js,代码,1155913,,,,df9f9140d4ac52e5c6782008c8bb8440fd43e2c027e3380b7aba9b60a55711e0,js/weapp-adapter.js
